{"time": [5439.840058467817, 5433.283125513, 3461.7148152471054, 3450.458235551836, 3683.3667829160113, 3358.965065154014, 3926.8944946161937, 4803.5422085579485, 4824.597134914016, 2821.6721343400422, 3221.002614903031, 3844.9601896249224, 3639.7136377249844, 3551.105372457998, 5439.817878590897, 5437.007031091955, 4481.632936981972, 2440.1556025058962, 3358.203736311989, 2325.782041821163, 2936.2066331091337, 5209.184458660893, 3254.5559489580337, 4130.401192371035, 5435.260594675085, 3253.572887080023, 5433.762351691956, 3813.0053183890413, 5441.722069224808, 2702.1674725329503, 5434.982038330054, 5433.604743376141, 5231.367283938918, 4027.348273691954, 3424.1774522508495, 2552.4959929068573, 5431.235185480211, 5433.880066042999, 3289.8793328299653, 3395.5685092411004, 3620.3107052319683, 5435.244250870077, 4007.4204467760865, 3200.925961125875, 4979.267381781945, 3614.706074160058, 3706.2870703160297, 5439.334943023045, 3050.021146776853, 3262.0174094899558, 5431.383523127064, 4695.746797709027, 4808.385161201004, 5432.264182856074, 2807.012491513975, 3953.7869864320382, 4281.972289200174, 4809.93599904608, 2959.2975365589373, 3417.6362787000835, 3036.7690946839284, 4962.036213916959, 3362.0102840629406, 3902.568663940998, 5234.435105246026, 3128.4012219838332, 5435.554959028959, 5434.057268399047, 4475.792637255974, 5435.123032859992, 3844.9336125499103, 2774.7922252041753, 3042.6296983370557, 4334.549149608938, 3786.9492627319414, 4429.838807882043, 5438.131622538203, 4778.07871390786, 3215.903998319991, 3403.075726056006, 5439.902750509093, 5433.636625033105, 3871.9721066891216, 4060.6785348430276, 5072.177401253022, 3731.120412254939, 5434.4368544439785, 4155.131209627958, 5440.978999315994, 4795.4001499770675, 3298.179417414125, 4199.021722346079, 5435.2193030898925, 4000.2583117650356, 3673.7281073641498, 3520.5373923499137, 3194.222673866898, 4109.248606134206, 3153.524409126956, 2679.650192521047], "bf": [0.7830074035, 0.7867841938, 0.7825715334, 0.785701257, 0.7955164087, 0.7861431298, 0.7866267337, 0.7796786842, 0.7884005611, 0.7914440744, 0.7820566284, 0.7910736928, 0.786967332, 0.7860421198, 0.7822649385, 0.7855033422, 0.7819030204, 0.7891834807, 0.7960669155, 0.7839240027, 0.7848470646, 0.7788405448, 0.7872191441, 0.7875869498, 0.7824952929, 0.7895168, 0.7861565035, 0.7873941752, 0.7895452723, 0.7919455596, 0.7915671976, 0.7818183165, 0.7939385641, 0.7859134654, 0.7837714873, 0.7878168902, 0.7838662877, 0.7864502306, 0.785464739, 0.7820758782, 0.7866606682, 0.7901149371, 0.7800253082, 0.7868691853, 0.7875304306, 0.7889824841, 0.7915476602, 0.7869739671, 0.7860651414, 0.7887564765, 0.7890295279, 0.7898415983, 0.7829949843, 0.7939378396, 0.7836542977, 0.7860344498, 0.7808226249, 0.7904921952, 0.7888955953, 0.7915486837, 0.7893009233, 0.7956241803, 0.7854392565, 0.7961117284, 0.7893764393, 0.7858672727, 0.7870149277, 0.7868269483, 0.7840502883, 0.7877893493, 0.7866495483, 0.7781605671, 0.7870926976, 0.7846827163, 0.7848988575, 0.7878974084, 0.7840612586, 0.7902756516, 0.7717176827, 0.7907118207, 0.7887075469, 0.7850976577, 0.7891948076, 0.7852188261, 0.7804272324, 0.7863747491, 0.7908273429, 0.7823844164, 0.7947339375, 0.7881449657, 0.7876046013, 0.7907149255, 0.7820763152, 0.7888799907, 0.7946237625, 0.7835361192, 0.7886951852, 0.7913308636, 0.7856322381, 0.7929593051]}