{"time": [1610.8754810839891, 360.3612855509855, 382.35554624791257, 397.8209265489131, 394.3364814920351, 751.3719855188392, 418.69649780890904, 866.0132669401355, 1553.0365538760088, 427.58018338587135, 278.42939165304415, 330.81220641406253, 385.14828918594867, 306.4172981919255, 491.6154807198327, 320.217555715004, 596.7386216199957, 366.1834740040358, 858.6118172940332, 394.66470028692856, 1015.8978489181027, 609.4143348450307, 495.65352496597916, 469.8704223879613, 243.57593939919025, 346.47016473603435, 394.3185695258435, 428.58983978582546, 603.1916423130315, 1856.8204184931237, 525.1654295809567, 1221.931730295997, 357.07448665820993, 618.1524033539463, 341.9225357209798, 1058.5089590020943, 291.19899762398563, 466.3620261969045, 239.41030796896666, 281.0403858961072, 344.4266655249521, 247.64027914591134, 372.2875050629955, 407.82198040396906, 446.970600200817, 832.6382864699699, 451.05655958596617, 415.5587735660374, 251.070050887065, 300.2132363899145, 389.0437961248681, 703.0770780041348, 723.1548553297762, 639.2774353160057, 239.29542719991878, 362.02666253084317, 558.3129691348877, 438.82490308512934, 255.78761545801535, 419.0415220458526, 694.357281669043, 1107.4587647770531, 325.3839526439551, 444.9427165859379, 565.2200652200263, 1639.9545877838973, 269.3325984671246, 327.3930711168796, 294.66145276790485, 2002.9630417900626, 352.4629651790019, 284.0685204099864, 603.4812109051272, 572.0570934480056, 1047.8438737969846, 360.97420168388635, 1273.8275963091291, 321.3055844528135, 303.4613787389826, 880.5810122059193, 1114.0452796427999, 397.06761013995856, 231.49487729091197, 360.8480929720681, 359.4084225690458, 209.83754107309505, 316.0157016038429, 276.0618620859459, 522.3303040191531, 483.11740580620244, 471.9994006580673, 3015.384288789006, 5431.925989926094, 484.8462934810668, 597.4592187439557, 991.3454036938492, 1565.072861794848, 396.32582586002536, 1040.271671822993, 695.4718931179959], "bf": [0.5844818946, 0.5785271952, 0.5829892747, 0.5871183855, 0.5779805374, 0.5804620452, 0.581871621, 0.5813967099, 0.5814772296, 0.5800537867, 0.5781919512, 0.5863221767, 0.5814297192, 0.5824504052, 0.581236961, 0.58040326, 0.5815326866, 0.5810392332, 0.5763553595, 0.5782759914, 0.581260518, 0.5824842748, 0.5762969479, 0.5835297744, 0.5848056148, 0.5885666647, 0.5875390961, 0.5882815233, 0.5768698343, 0.5800740836, 0.5822897167, 0.5797213387, 0.5833803833, 0.581057017, 0.5859697714, 0.5785649929, 0.5757868539, 0.5787327225, 0.5815995996, 0.5839493077, 0.5805690425, 0.5820902343, 0.5803296795, 0.5822144495, 0.580274913, 0.581899525, 0.5798018018, 0.5763297421, 0.5846866295, 0.5826829648, 0.5858711622, 0.5804375259, 0.5796056815, 0.5826248362, 0.5804303263, 0.5819162108, 0.5779369212, 0.5822332408, 0.5774382379, 0.5811741346, 0.5816637505, 0.5833816285, 0.5785740377, 0.5831435447, 0.5792698714, 0.5785540691, 0.5785834107, 0.5816433177, 0.5802280705, 0.5807429529, 0.5830304119, 0.580375956, 0.5809024075, 0.5796335515, 0.5811840509, 0.5773560089, 0.5863426094, 0.5798768878, 0.581613795, 0.5866915508, 0.5829306254, 0.5824818863, 0.5899361335, 0.5831729769, 0.5789818434, 0.5779344195, 0.5849367466, 0.579622288, 0.5788608997, 0.5857675043, 0.5794721725, 0.5829442774, 0.5774658249, 0.5791840426, 0.5814210707, 0.5842486558, 0.5834083213, 0.5845398534, 0.5772890846, 0.5769758354]}