{"time": [30.094048956874758, 29.176885245135054, 59.01100159017369, 27.40251910313964, 28.94414883083664, 36.97318722587079, 36.80321893305518, 35.736364181153476, 33.565225367899984, 34.19801870197989, 39.829410918056965, 46.66493379208259, 41.06491820397787, 33.496655435999855, 31.64879016391933, 41.98774909088388, 33.762501802062616, 35.2504031509161, 42.39317294303328, 46.19352216110565, 25.961286392062902, 30.380047464044765, 29.377714148024097, 27.871997750131413, 25.606869109906256, 25.82485369988717, 44.919601518893614, 35.67675702110864, 23.6720497419592, 39.54586524493061, 53.367984761018306, 41.257195277139544, 25.91077066701837, 40.66658679395914, 28.59303125110455, 40.86155336606316, 34.146873665973544, 34.05981653695926, 26.82958645396866, 36.16689424798824, 43.19347483897582, 37.32605841499753, 29.13046736922115, 30.3476532518398, 54.87380714784376, 43.15980730811134, 26.698266946012154, 31.660984504036605, 45.51266528083943, 35.673987881978974, 28.977152260951698, 40.96686676098034, 29.84146893490106, 61.248257166007534, 24.81997291301377, 25.932995524955913, 50.243067170958966, 39.52058208314702, 33.429906570818275, 32.812593474052846, 25.619810932083055, 37.95588664105162, 59.75894502690062, 25.69602825306356, 33.26292074518278, 29.01641623908654, 24.609060127986595, 38.607457088073716, 38.046506804879755, 44.37888608803041, 25.764799976954237, 28.937061621807516, 30.373758463887498, 29.420023347018287, 23.93259692704305, 32.64247656194493, 62.884444151073694, 45.885708880843595, 46.10901202005334, 30.707917258841917, 30.50020796409808, 29.107426510890946, 34.97368644201197, 29.4110134660732, 36.48091276502237, 31.843731303000823, 31.053118736948818, 30.920304825995117, 34.186834887135774, 37.68315621605143, 34.29781946307048, 40.93295953795314, 43.880717700812966, 27.742236679885536, 26.37842457811348, 26.352051767054945, 44.100607057102025, 25.061030029086396, 31.73573525599204, 40.00985948788002], "bf": [0.578252402, 0.572485324, 0.5744918934, 0.5767871036, 0.5772925826, 0.5817294022, 0.5799031387, 0.5766423036, 0.5780799546, 0.5786492768, 0.577326372, 0.5735786186, 0.5785076909, 0.5794598706, 0.5795565779, 0.5797893348, 0.5719773546, 0.5693335643, 0.5757856026, 0.5796469748, 0.5801038057, 0.5780013368, 0.5751610023, 0.5761680395, 0.5784562662, 0.5781398434, 0.5810751014, 0.5784738341, 0.5796231471, 0.575840359, 0.5764394153, 0.5788614874, 0.5789033877, 0.5748749024, 0.5783053074, 0.5755562448, 0.5782740084, 0.573625584, 0.5705531656, 0.5734212149, 0.5768422639, 0.5791029946, 0.5742029497, 0.5746137408, 0.5757317717, 0.57608959, 0.5780986162, 0.5740939417, 0.5808732733, 0.5738038537, 0.5776348355, 0.5795987137, 0.5743005992, 0.5746671005, 0.5744212855, 0.5739367399, 0.5795871365, 0.5774629602, 0.5759897193, 0.5789826281, 0.5702455266, 0.5784255057, 0.5776350038, 0.5795287621, 0.5806012917, 0.577636249, 0.5768466558, 0.5744198047, 0.5765445194, 0.5807026432, 0.5788456192, 0.5743252851, 0.5786977903, 0.5750852116, 0.5756659764, 0.5760065635, 0.5719275118, 0.5779703407, 0.5800351498, 0.5739841427, 0.5745970816, 0.5789037916, 0.5780905558, 0.5777773302, 0.5775597852, 0.5770636455, 0.5784757524, 0.5670717061, 0.5760262852, 0.5730705145, 0.5795765015, 0.5786808619, 0.5756164365, 0.5715129513, 0.5762681122, 0.5761693183, 0.5773063474, 0.5793796207, 0.5769256438, 0.5761626883]}